{"cameraMode":{"drawMode":0,"name":"Shaded","section":"Shading Mode"},"sceneLighting":false,"audioPlay":false,"sceneViewState":{"showFog":true,"showMaterialUpdate":false,"showSkybox":false,"showFlares":true,"showImageEffects":true,"showParticleSystems":true},"in2DMode":false,"pivot":{"x":1.1836051940917969,"y":-2.38808536529541,"z":-5.084824085235596},"rotation":{"x":-0.16452881693840028,"y":0.6942642331123352,"z":-0.16791963577270509,"w":-0.6802430152893066},"size":19.610130310058595,"orthographic":false}